Sample,Target,EqCq Mean,EqCq Mean2,EqCq Mean3,EqCq Mean4,Lot,Column3,Instrument ,Mean_Cq,Plate
316,IPC,26.78067728,26.69926085,26.83326369,26.64824528,SLCA-PN-001-NC-OS-F,316,OS,26.74026627,4
316,P.Mar cytb,,,,,SLCA-PN-001-NC-OS-F,316,OS,#NUM!,4
317,IPC,26.9759904,26.85133606,26.8454735,26.77888636,SLCA-PN-001-R1-OS-F,317,OS,26.86282729,4
317,P.Mar cytb,33.11129341,33.70313832,33.91820053,32.85671076,SLCA-PN-001-R1-OS-F,317,OS,33.39456911,4
318,IPC,26.85879834,26.76075027,26.8468654,26.70988801,SLCA-PN-001-R2-OS-F,318,OS,26.79400469,4
318,P.Mar cytb,33.97514417,33.56105237,33.73154033,33.81576588,SLCA-PN-001-R2-OS-F,318,OS,33.77054505,4
319,IPC,26.90683306,26.72822404,26.95457799,26.79100831,SLCA-PN-001-R3-OS-F,319,OS,26.84501004,4
319,P.Mar cytb,32.91040923,34.01696367,33.6803683,33.38200615,SLCA-PN-001-R3-OS-F,319,OS,33.49496462,4
320,IPC,26.93906581,26.81867001,26.84737488,26.69772026,SLCA-PN-002-NC-OS-F,320,OS,26.82556904,4
320,P.Mar cytb,,,,,SLCA-PN-002-NC-OS-F,320,OS,#NUM!,4
321,IPC,27.69490813,27.71195999,27.90534539,27.65384937,SLCA-PN-002-R1-OS-F,321,OS,27.74134682,4
321,P.Mar cytb,41.85254636,40.9857612,43.81031916,43,SLCA-PN-002-R1-OS-F,321,OS,42.3984462,4
322,IPC,27.1601743,27.08283542,27.15742046,27.06909571,SLCA-PN-002-R2-OS-F,322,OS,27.11734939,4
322,P.Mar cytb,35.96953613,35.39875015,35.87317346,36.3494986,SLCA-PN-002-R2-OS-F,322,OS,35.89613972,4
323,IPC,27.2119815,27.15180369,27.06731614,27.07321125,SLCA-PN-002-R3-OS-F,323,OS,27.12601233,4
323,P.Mar cytb,32.16376007,31.77117309,31.93738947,32.0961412,SLCA-PN-002-R3-OS-F,323,OS,31.99175573,4
324,IPC,26.81503477,26.87790151,26.90831863,26.78893334,SLCA-PN-003-NC-OS-F,324,OS,26.84750466,4
324,P.Mar cytb,37.29717506,37.5552536,,37.70582245,SLCA-PN-003-NC-OS-F,324,OS,37.51903722,4
325,IPC,26.94540983,26.89555475,26.97107185,26.73732081,SLCA-PN-003-R1-OS-F,325,OS,26.8871858,4
325,P.Mar cytb,,,,,SLCA-PN-003-R1-OS-F,325,OS,#NUM!,4
326,IPC,26.91651723,26.97375718,27.00712134,26.83415799,SLCA-PN-003-R2-OS-F,326,OS,26.93280857,4
326,P.Mar cytb,,,,,SLCA-PN-003-R2-OS-F,326,OS,#NUM!,4
327,IPC,26.93870223,26.98097919,26.97450309,26.80730173,SLCA-PN-003-R3-OS-F,327,OS,26.9252803,4
327,P.Mar cytb,,,,,SLCA-PN-003-R3-OS-F,327,OS,#NUM!,4
328,IPC,26.88828589,26.76933346,26.73363245,26.64261481,Batch-20-NC,328,,26.75832187,4
328,P.Mar cytb,,,,,Batch-20-NC,328,,#NUM!,4
329,IPC,26.82884958,26.90741418,26.71637362,26.64049086,SLCA-PN-001-NC-D-F,329,DIY,26.7730862,4
329,P.Mar cytb,,,,,SLCA-PN-001-NC-D-F,329,DIY,#NUM!,4
330,IPC,28.88424825,29.15902691,28.30747769,28.26063416,SLCA-PN-001-R1-D-F,330,DIY,28.65030786,4
330,P.Mar cytb,,,,,SLCA-PN-001-R1-D-F,330,DIY,#NUM!,4
331,IPC,26.76923608,26.92127737,26.84836994,26.75661178,SLCA-PN-001-R2-D-F,331,DIY,26.82379184,4
331,P.Mar cytb,31.13015866,30.88067465,31.05070311,31.28623131,SLCA-PN-001-R2-D-F,331,DIY,31.08659829,4
332,IPC,26.80115678,26.87166575,26.74263023,26.67538356,SLCA-PN-001-R3-D-F,332,DIY,26.77261114,4
332,P.Mar cytb,34.40407295,33.65225036,33.50672883,34.66991147,SLCA-PN-001-R3-D-F,332,DIY,34.05470979,4
333,IPC,26.67668651,26.77410905,26.78558539,26.66900766,SLCA-PN-002-NC-D-F,333,DIY,26.72629316,4
333,P.Mar cytb,37.57147512,,37.19389729,36.76366325,SLCA-PN-002-NC-D-F,333,DIY,37.17487964,4
334,IPC,26.92385472,26.97603876,26.8974246,26.83990108,SLCA-PN-002-R1-D-F,334,DIY,26.90926009,4
334,P.Mar cytb,38.49815105,35.86883997,34.17108674,34.61695709,SLCA-PN-002-R1-D-F,334,DIY,35.7500144,4
335,IPC,26.96600355,26.8904794,27.00383077,26.78923215,SLCA-PN-002-R2-D-F,335,DIY,26.91226149,4
335,P.Mar cytb,35.52079109,35.12119289,35.13607173,37.16945566,SLCA-PN-002-R2-D-F,335,DIY,35.72710476,4
336,IPC,26.99287346,26.99853424,26.94040397,26.84275358,SLCA-PN-002-R3-D-F,336,DIY,26.94356873,4
336,P.Mar cytb,37.23189264,36.44473868,35.97346167,38.47051358,SLCA-PN-002-R3-D-F,336,DIY,37.01817826,4
337,IPC,26.77581046,26.89584855,26.7649538,26.59037944,SLCA-PN-003-NC-D-F,337,DIY,26.75652613,4
337,P.Mar cytb,,,,,SLCA-PN-003-NC-D-F,337,DIY,#NUM!,4
338,IPC,26.84605227,26.83058177,26.74656702,26.78264444,SLCA-PN-003-R1-D-F,338,DIY,26.80143244,4
338,P.Mar cytb,,,,,SLCA-PN-003-R1-D-F,338,DIY,#NUM!,4
339,IPC,26.71701403,26.88097405,26.79289364,26.58965793,SLCA-PN-003-R2-D-F,339,DIY,26.7449212,4
339,P.Mar cytb,,,,,SLCA-PN-003-R2-D-F,339,DIY,#NUM!,4
340,IPC,26.73443717,26.83223574,26.78229563,26.65909624,SLCA-PN-003-R3-D-F,340,DIY,26.75194003,4
340,P.Mar cytb,,,37.50751451,,SLCA-PN-003-R3-D-F,340,DIY,37.50751451,4
341,IPC,26.72736925,26.77302775,26.75142005,26.62413718,Batch-21-NC,341,,26.71892748,4
341,P.Mar cytb,,,,,Batch-21-NC,341,,#NUM!,4
342,IPC,26.76959282,26.83603126,26.75462012,26.54637049,SLCA-CR-001-NC-D-F,342,DIY,26.7264329,4
342,P.Mar cytb,,,,,SLCA-CR-001-NC-D-F,342,DIY,#NUM!,4
343,IPC,29.6557897,29.81019313,29.419848,29.09887571,SLCA-CR-001-R1-D-F,343,DIY,29.49495441,4
343,P.Mar cytb,,,,,SLCA-CR-001-R1-D-F,343,DIY,#NUM!,4
344,IPC,29.54633002,30.14961462,29.92515031,29.53385522,SLCA-CR-001-R2-D-F,344,DIY,29.78759551,4
344,P.Mar cytb,,,,,SLCA-CR-001-R2-D-F,344,DIY,#NUM!,4
345,IPC,29.58889753,30.03946397,29.76144668,29.68318297,SLCA-CR-001-R3-D-F,345,DIY,29.76777452,4
345,P.Mar cytb,,,,,SLCA-CR-001-R3-D-F,345,DIY,#NUM!,4
346,IPC,26.84688025,26.83591136,26.84418903,26.56855843,SLCA-CR-002-NC-D-F,346,DIY,26.77362113,4
346,P.Mar cytb,,,,,SLCA-CR-002-NC-D-F,346,DIY,#NUM!,4
347,IPC,27.20605511,27.13294596,27.09930588,26.9772255,SLCA-CR-002-R1-D-F,347,DIY,27.10375688,4
347,P.Mar cytb,35.30479419,35.05261189,34.81526591,35.09166507,SLCA-CR-002-R1-D-F,347,DIY,35.06565375,4
348,IPC,27.05114758,27.13532803,27.08851389,26.94268119,SLCA-CR-002-R2-D-F,348,DIY,27.05432423,4
348,P.Mar cytb,34.91986055,34.49500417,35.55848455,35.44819875,SLCA-CR-002-R2-D-F,348,DIY,35.1027814,4
349,IPC,27.22668733,27.28807963,27.34842702,27.22291147,SLCA-CR-002-R3-D-F,349,DIY,27.27147798,4
349,P.Mar cytb,37.48962442,36.61094985,37.15010757,37.93759937,SLCA-CR-002-R3-D-F,349,DIY,37.29391717,4
350,IPC,26.83235687,26.72626966,26.70303689,26.63763393,SLCA-CR-003-NC-D-F,350,DIY,26.72473253,4
350,P.Mar cytb,,,,,SLCA-CR-003-NC-D-F,350,DIY,#NUM!,4
351,IPC,33.04338158,32.89543214,32.3114827,32.12575794,SLCA-CR-003-R1-D-F,351,DIY,32.59174306,4
351,P.Mar cytb,,,,,SLCA-CR-003-R1-D-F,351,DIY,#NUM!,4
352,IPC,36.01387986,34.96640763,34.61519094,35.80203507,SLCA-CR-003-R2-D-F,352,DIY,35.34466284,4
352,P.Mar cytb,,,,,SLCA-CR-003-R2-D-F,352,DIY,#NUM!,4
353,IPC,28.20111601,28.0035377,28.03586958,28.07769845,SLCA-CR-003-R3-D-F,353,DIY,28.07945555,4
353,P.Mar cytb,43,43,41.84837984,42.17242379,SLCA-CR-003-R3-D-F,353,DIY,42.50216281,4
354,IPC,26.70042204,26.76724347,26.69188976,26.66421862,SLCA-CR-004-NC-D-F,354,DIY,26.70591669,4
354,P.Mar cytb,,,,,SLCA-CR-004-NC-D-F,354,DIY,#NUM!,4
355,IPC,27.26778048,27.28887178,27.34705025,27.16613769,SLCA-CR-004-R1-D-F,355,DIY,27.26738179,4
355,P.Mar cytb,39.94700152,37.84115073,38.41869616,38.9680764,SLCA-CR-004-R1-D-F,355,DIY,38.78600308,4
356,IPC,28.17801157,28.93230491,28.06342635,27.93601421,SLCA-CR-004-R2-D-F,356,DIY,28.27480565,4
356,P.Mar cytb,44.32276597,,43,44.29253202,SLCA-CR-004-R2-D-F,356,DIY,43.86740451,4
357,IPC,27.17833053,27.17253017,27.04404499,26.97200982,SLCA-CR-004-R3-D-F,357,DIY,27.09158745,4
357,P.Mar cytb,38.14380522,38.01407214,37.08101882,38.33051266,SLCA-CR-004-R3-D-F,357,DIY,37.88926443,4
358,IPC,26.75828069,26.67642352,26.69320218,26.63953746,SLCA-CR-005-NC-D-F,358,DIY,26.69182637,4
358,P.Mar cytb,,,,,SLCA-CR-005-NC-D-F,358,DIY,#NUM!,4
359,IPC,27.08115158,27.01392085,26.98707683,26.95574503,SLCA-CR-005-R1-D-F,359,DIY,27.00943405,4
359,P.Mar cytb,,,,,SLCA-CR-005-R1-D-F,359,DIY,#NUM!,4
360,IPC,27.53001424,27.7252523,27.60974905,27.51903877,SLCA-CR-005-R2-D-F,360,DIY,27.59589066,4
360,P.Mar cytb,,,,,SLCA-CR-005-R2-D-F,360,DIY,#NUM!,4
361,IPC,27.12285443,27.08174179,27.15383341,26.98712554,SLCA-CR-005-R3-D-F,361,DIY,27.08631602,4
361,P.Mar cytb,,,,,SLCA-CR-005-R3-D-F,361,DIY,#NUM!,4
362,IPC,26.70381944,26.83040256,26.74516289,26.72496715,Batch-22-NC,362,,26.75104487,4
362,P.Mar cytb,,,,,Batch-22-NC,362,,#NUM!,4
363,IPC,26.69733449,26.77214623,26.81072152,26.59491587,SLCA-CR-001-NC-OS-F,363,OS,26.71865261,4
363,P.Mar cytb,,,,,SLCA-CR-001-NC-OS-F,363,OS,#NUM!,4
364,IPC,26.8474271,26.7956947,26.82753703,26.84315372,SLCA-CR-001-R1-OS-F,364,OS,26.82844545,4
364,P.Mar cytb,36.95111627,36.46849239,,36.8175521,SLCA-CR-001-R1-OS-F,364,OS,36.74515589,4
365,IPC,27.39653325,27.13000623,28.09739836,26.92451164,SLCA-CR-001-R2-OS-F,365,OS,27.3835571,4
365,P.Mar cytb,43.66882351,40.13273018,,40.74828331,SLCA-CR-001-R2-OS-F,365,OS,41.48838262,4
366,IPC,28.00636444,28.68329481,27.56772072,26.98425361,SLCA-CR-001-R3-OS-F,366,OS,27.80348661,4
366,P.Mar cytb,,,,,SLCA-CR-001-R3-OS-F,366,OS,#NUM!,4
367,IPC,26.75761292,26.6585693,26.66421957,26.57705809,SLCA-CR-002-NC-OS-F,367,OS,26.66428833,4
367,P.Mar cytb,,,,,SLCA-CR-002-NC-OS-F,367,OS,#NUM!,4
368,IPC,26.8195487,26.70609747,26.90993407,26.59109772,SLCA-CR-002-R1-OS-F,368,OS,26.75640116,4
368,P.Mar cytb,,,,,SLCA-CR-002-R1-OS-F,368,OS,#NUM!,4
369,IPC,26.77123079,26.67434786,26.79112346,26.61749798,SLCA-CR-002-R2-OS-F,369,OS,26.7134559,4
369,P.Mar cytb,34.09605431,33.92796858,33.37952999,34.17238468,SLCA-CR-002-R2-OS-F,369,OS,33.89255982,4
370,IPC,26.87068512,26.88266414,26.72778835,26.7945975,SLCA-CR-002-R3-OS-F,370,OS,26.81886084,4
370,P.Mar cytb,36.94464253,35.77384719,,36.15183036,SLCA-CR-002-R3-OS-F,370,OS,36.28683881,4
371,IPC,26.84525744,26.97402107,26.85889051,26.69453655,SLCA-CR-003-NC-OS-F,371,OS,26.84299249,4
371,P.Mar cytb,,,,,SLCA-CR-003-NC-OS-F,371,OS,#NUM!,4
372,IPC,27.12171011,27.20464032,27.22780091,27.23289795,SLCA-CR-003-R1-OS-F,372,OS,27.19672568,4
372,P.Mar cytb,38.22543892,41.18354369,41.71606422,41.35695941,SLCA-CR-003-R1-OS-F,372,OS,40.59588661,4
373,IPC,29.17653892,27.09740014,33.77822919,26.9721225,SLCA-CR-003-R2-OS-F,373,OS,29.13253988,4
373,P.Mar cytb,,,,,SLCA-CR-003-R2-OS-F,373,OS,#NUM!,4
374,IPC,26.90879354,26.92355112,26.85716603,26.65500366,SLCA-CR-003-R3-OS-F,374,OS,26.83591296,4
374,P.Mar cytb,39.18315407,38.80987564,38.63765174,37.9333754,SLCA-CR-003-R3-OS-F,374,OS,38.63834037,4
375,IPC,26.92179729,27.04477353,30.16473344,26.63396386,SLCA-CR-004-NC-OS-F,375,OS,27.65544648,4
375,P.Mar cytb,,,,,SLCA-CR-004-NC-OS-F,375,OS,#NUM!,4
376,IPC,30.05213562,31.13728102,30.3440443,27.27232279,SLCA-CR-004-R1-OS-F,376,OS,29.66455956,4
376,P.Mar cytb,,,,,SLCA-CR-004-R1-OS-F,376,OS,#NUM!,4
377,IPC,26.72733314,26.68680756,26.78034897,26.6249201,SLCA-CR-004-R2-OS-F,377,OS,26.70479196,4
377,P.Mar cytb,,,,,SLCA-CR-004-R2-OS-F,377,OS,#NUM!,4
378,IPC,26.90265536,26.78256743,26.78575779,26.69403304,SLCA-CR-004-R3-OS-F,378,OS,26.79115096,4
378,P.Mar cytb,,,,,SLCA-CR-004-R3-OS-F,378,OS,#NUM!,4
379,IPC,26.68211171,26.81715816,26.6803355,26.57728978,SLCA-CR-005-NC-OS-F,379,OS,26.68908792,4
379,P.Mar cytb,,,,,SLCA-CR-005-NC-OS-F,379,OS,#NUM!,4
380,IPC,26.80783284,26.85625109,26.79131683,26.70021086,SLCA-CR-005-R1-OS-F,380,OS,26.78884329,4
380,P.Mar cytb,,,,,SLCA-CR-005-R1-OS-F,380,OS,#NUM!,4
381,IPC,26.69157739,26.8586529,26.75678339,26.57275217,SLCA-CR-005-R2-OS-F,381,OS,26.71973993,4
381,P.Mar cytb,,,,,SLCA-CR-005-R2-OS-F,381,OS,#NUM!,4
382,IPC,26.95011233,26.82340076,26.83576194,26.63988147,SLCA-CR-005-R3-OS-F,382,OS,26.81205855,4
382,P.Mar cytb,,,,,SLCA-CR-005-R3-OS-F,382,OS,#NUM!,4
383,IPC,26.73994663,26.78307809,26.73700377,26.63548433,Batch-23-NC,383,,26.72382319,4
383,P.Mar cytb,,,,,Batch-23-NC,383,,#NUM!,4
384,IPC,,,,,SLCA-BR-001-NC-OS-F,384,OS,#NUM!,4
384,P.Mar cytb,,,,,SLCA-BR-001-NC-OS-F,384,OS,#NUM!,4
385,IPC,30.2486763,30.70820862,30.83615099,29.16799765,SLCA-BR-001-R1-OS-F,385,OS,30.2330463,4
385,P.Mar cytb,,,,,SLCA-BR-001-R1-OS-F,385,OS,#NUM!,4
386,IPC,,,,,SLCA-BR-001-R2-OS-F,386,OS,#NUM!,4
386,P.Mar cytb,,,,,SLCA-BR-001-R2-OS-F,386,OS,#NUM!,4
387,IPC,,,,,SLCA-BR-001-R3-OS-F,387,OS,#NUM!,4
387,P.Mar cytb,,,,,SLCA-BR-001-R3-OS-F,387,OS,#NUM!,4
388,IPC,26.75174946,26.69496309,26.68979747,26.63718441,SLCA-BR-002-NC-OS-F,388,OS,26.69339279,4
388,P.Mar cytb,,,,,SLCA-BR-002-NC-OS-F,388,OS,#NUM!,4
389,IPC,,,,,SLCA-BR-002-R1-OS-F,389,OS,#NUM!,4
389,P.Mar cytb,,,,,SLCA-BR-002-R1-OS-F,389,OS,#NUM!,4
390,IPC,,,,,SLCA-BR-002-R2-OS-F,390,OS,#NUM!,4
390,P.Mar cytb,,,,,SLCA-BR-002-R2-OS-F,390,OS,#NUM!,4
391,IPC,,,,,SLCA-BR-002-R3-OS-F,391,OS,#NUM!,4
391,P.Mar cytb,,,,,SLCA-BR-002-R3-OS-F,391,OS,#NUM!,4
392,IPC,26.80401115,26.89163851,26.84577949,26.6843114,SLCA-BR-003-NC-OS-F,392,OS,26.80632436,4
392,P.Mar cytb,,,,,SLCA-BR-003-NC-OS-F,392,OS,#NUM!,4
393,IPC,,,,,SLCA-BR-003-R1-OS-F,393,OS,#NUM!,4
393,P.Mar cytb,,,,,SLCA-BR-003-R1-OS-F,393,OS,#NUM!,4
394,IPC,,,,,SLCA-BR-003-R2-OS-F,394,OS,#NUM!,4
394,P.Mar cytb,,,,,SLCA-BR-003-R2-OS-F,394,OS,#NUM!,4
395,IPC,,,,,SLCA-BR-003-R3-OS-F,395,OS,#NUM!,4
395,P.Mar cytb,,,,,SLCA-BR-003-R3-OS-F,395,OS,#NUM!,4
396,IPC,26.74850131,26.83137166,26.74997587,26.59849442,SLCA-BR-004-NC-OS-F,396,OS,26.73195335,4
396,P.Mar cytb,,,,,SLCA-BR-004-NC-OS-F,396,OS,#NUM!,4
397,IPC,,,,,SLCA-BR-004-R1-OS-F,397,OS,#NUM!,4
397,P.Mar cytb,,,,,SLCA-BR-004-R1-OS-F,397,OS,#NUM!,4
398,IPC,,,,,SLCA-BR-004-R2-OS-F,398,OS,#NUM!,4
398,P.Mar cytb,,,,,SLCA-BR-004-R2-OS-F,398,OS,#NUM!,4
399,IPC,,,,,SLCA-BR-004-R3-OS-F,399,OS,#NUM!,4
399,P.Mar cytb,,,,,SLCA-BR-004-R3-OS-F,399,OS,#NUM!,4
400,IPC,26.90082426,26.82987192,26.72291393,26.71726909,SLCA-BR-005-NC-OS-F,400,OS,26.79260961,4
400,P.Mar cytb,,,,,SLCA-BR-005-NC-OS-F,400,OS,#NUM!,4
401,IPC,,,,,SLCA-BR-005-R1-OS-F,401,OS,#NUM!,5
401,P.Mar cytb,,,,,SLCA-BR-005-R1-OS-F,401,OS,#NUM!,5
402,IPC,,,,,SLCA-BR-005-R2-OS-F,402,OS,#NUM!,5
402,P.Mar cytb,,,,,SLCA-BR-005-R2-OS-F,402,OS,#NUM!,5
403,IPC,,,,,SLCA-BR-005-R3-OS-F,403,OS,#NUM!,5
403,P.Mar cytb,,,,,SLCA-BR-005-R3-OS-F,403,OS,#NUM!,5
404,IPC,27.214551,27.18762653,26.99687122,27.16971244,Batch-24-NC,404,,27.14205564,5
404,P.Mar cytb,,,,,Batch-24-NC,404,,#NUM!,5
405,IPC,27.28770102,27.22149634,27.00293254,27.23071406,SLCA-BR-001-NC-D-F,405,DIY,27.18549379,5
405,P.Mar cytb,,,,43,SLCA-BR-001-NC-D-F,405,DIY,43,5
406,IPC,,,,,SLCA-BR-001-R1-D-F,406,DIY,#NUM!,5
406,P.Mar cytb,,,,,SLCA-BR-001-R1-D-F,406,DIY,#NUM!,5
407,IPC,32.12546102,30.99784929,31.13653406,30.85781888,SLCA-BR-001-R2-D-F,407,DIY,31.27548881,5
407,P.Mar cytb,,,,,SLCA-BR-001-R2-D-F,407,DIY,#NUM!,5
408,IPC,,,,,SLCA-BR-001-R3-D-F,408,DIY,#NUM!,5
408,P.Mar cytb,,,,,SLCA-BR-001-R3-D-F,408,DIY,#NUM!,5
409,IPC,27.14152661,27.34653515,26.90686613,27.13028709,SLCA-BR-002-NC-D-F,409,DIY,27.1308576,5
409,P.Mar cytb,,,,,SLCA-BR-002-NC-D-F,409,DIY,#NUM!,5
410,IPC,,,,,SLCA-BR-002-R1-D-F,410,DIY,#NUM!,5
410,P.Mar cytb,,,,,SLCA-BR-002-R1-D-F,410,DIY,#NUM!,5
411,IPC,,,,,SLCA-BR-002-R2-D-F,411,DIY,#NUM!,5
411,P.Mar cytb,,,,,SLCA-BR-002-R2-D-F,411,DIY,#NUM!,5
412,IPC,,,,,SLCA-BR-002-R3-D-F,412,DIY,#NUM!,5
412,P.Mar cytb,,,,,SLCA-BR-002-R3-D-F,412,DIY,#NUM!,5
413,IPC,27.26389413,27.25765476,26.96539663,27.15206331,SLCA-BR-003-NC-D-F,413,DIY,27.15948345,5
413,P.Mar cytb,,,,,SLCA-BR-003-NC-D-F,413,DIY,#NUM!,5
414,IPC,,,,,SLCA-BR-003-R1-D-F,414,DIY,#NUM!,5
414,P.Mar cytb,,,,,SLCA-BR-003-R1-D-F,414,DIY,#NUM!,5
415,IPC,34.97227565,33.95572623,34.61470203,33.51347384,SLCA-BR-003-R2-D-F,415,DIY,34.25935957,5
415,P.Mar cytb,,,,,SLCA-BR-003-R2-D-F,415,DIY,#NUM!,5
416,IPC,,,,,SLCA-BR-003-R3-D-F,416,DIY,#NUM!,5
416,P.Mar cytb,,,,,SLCA-BR-003-R3-D-F,416,DIY,#NUM!,5
417,IPC,27.17523367,27.33887609,27.00755656,27.13736491,SLCA-BR-004-NC-D-F,417,DIY,27.16450078,5
417,P.Mar cytb,,,,,SLCA-BR-004-NC-D-F,417,DIY,#NUM!,5
418,IPC,,,,,SLCA-BR-004-R1-D-F,418,DIY,#NUM!,5
418,P.Mar cytb,,,,,SLCA-BR-004-R1-D-F,418,DIY,#NUM!,5
419,IPC,,,,,SLCA-BR-004-R2-D-F,419,DIY,#NUM!,5
419,P.Mar cytb,,,,,SLCA-BR-004-R2-D-F,419,DIY,#NUM!,5
420,IPC,,,,,SLCA-BR-004-R3-D-F,420,DIY,#NUM!,5
420,P.Mar cytb,,,,,SLCA-BR-004-R3-D-F,420,DIY,#NUM!,5
421,IPC,27.2087733,27.28960047,26.90657373,27.13294903,SLCA-BR-005-NC-D-F,421,DIY,27.13409769,5
421,P.Mar cytb,,,,,SLCA-BR-005-NC-D-F,421,DIY,#NUM!,5
422,IPC,,,,,SLCA-BR-005-R1-D-F,422,DIY,#NUM!,5
422,P.Mar cytb,,,,,SLCA-BR-005-R1-D-F,422,DIY,#NUM!,5
423,IPC,,,,,SLCA-BR-005-R2-D-F,423,DIY,#NUM!,5
423,P.Mar cytb,,,,,SLCA-BR-005-R2-D-F,423,DIY,#NUM!,5
424,IPC,,,,,SLCA-BR-005-R3-D-F,424,DIY,#NUM!,5
424,P.Mar cytb,,,,,SLCA-BR-005-R3-D-F,424,DIY,#NUM!,5
425,IPC,27.34699728,27.28144959,26.90546228,27.06448153,Batch-25-NC,425,,27.14902985,5
425,P.Mar cytb,,,,,Batch-25-NC,425,,#NUM!,5
426,IPC,27.23353828,27.33535721,26.97540775,27.14267594,SLCA-LY-001-NC-OS-F,426,OS,27.17142252,5
426,P.Mar cytb,,,,,SLCA-LY-001-NC-OS-F,426,OS,#NUM!,5
427,IPC,27.28871835,27.25971519,26.91253564,27.17345705,SLCA-LY-001-R1-OS-F,427,OS,27.15820055,5
427,P.Mar cytb,34.55185196,34.50494269,35.13601736,33.55673703,SLCA-LY-001-R1-OS-F,427,OS,34.43271156,5
428,IPC,27.33098432,27.32696831,26.96252544,27.26098846,SLCA-LY-001-R2-OS-F,428,OS,27.21994374,5
428,P.Mar cytb,32.35996204,32.71428021,32.63547901,31.83950936,SLCA-LY-001-R2-OS-F,428,OS,32.38548704,5
429,IPC,27.35074899,27.31808352,27.01794023,27.2998069,SLCA-LY-001-R3-OS-F,429,OS,27.24631768,5
429,P.Mar cytb,33.76572911,33.98435685,34.09309718,33.06277337,SLCA-LY-001-R3-OS-F,429,OS,33.72408933,5
430,IPC,27.22855836,27.24861591,26.90874498,27.20985479,SLCA-LY-002-NC-OS-F,430,OS,27.14858448,5
430,P.Mar cytb,,,,,SLCA-LY-002-NC-OS-F,430,OS,#NUM!,5
431,IPC,27.27653128,27.19790081,26.93783713,27.25188874,SLCA-LY-002-R1-OS-F,431,OS,27.16570399,5
431,P.Mar cytb,36.05537742,36.17590198,36.84826785,35.95577073,SLCA-LY-002-R1-OS-F,431,OS,36.2571592,5
432,IPC,27.29843027,27.28561065,26.97282973,27.07942525,SLCA-LY-002-R2-OS-F,432,OS,27.1587218,5
432,P.Mar cytb,37.14719499,36.81746026,37.43454313,36.38243787,SLCA-LY-002-R2-OS-F,432,OS,36.9433306,5
433,IPC,27.21384612,27.34866817,26.98738875,27.24690383,SLCA-LY-002-R3-OS-F,433,OS,27.19888073,5
433,P.Mar cytb,39.32358977,36.79738441,41.15926025,38.31130126,SLCA-LY-002-R3-OS-F,433,OS,38.86566855,5
434,IPC,27.2083502,27.1964253,27.8213759,27.06993065,SLCA-LY-003-NC-OS-F,434,OS,27.3224692,5
434,P.Mar cytb,,,,,SLCA-LY-003-NC-OS-F,434,OS,#NUM!,5
435,IPC,27.28722392,27.3100977,27.05151432,27.28358426,SLCA-LY-003-R1-OS-F,435,OS,27.23290075,5
435,P.Mar cytb,,,,,SLCA-LY-003-R1-OS-F,435,OS,#NUM!,5
436,IPC,27.39200884,27.4188935,27.1463057,27.24000619,SLCA-LY-003-R2-OS-F,436,OS,27.29907529,5
436,P.Mar cytb,,,,,SLCA-LY-003-R2-OS-F,436,OS,#NUM!,5
437,IPC,27.61604555,27.36398113,27.10617073,27.36733837,SLCA-LY-003-R3-OS-F,437,OS,27.36278991,5
437,P.Mar cytb,,,,,SLCA-LY-003-R3-OS-F,437,OS,#NUM!,5
438,IPC,27.16621422,27.32691064,26.83640386,27.14578445,SLCA-LY-004-NC-OS-F,438,OS,27.11824582,5
438,P.Mar cytb,,,,,SLCA-LY-004-NC-OS-F,438,OS,#NUM!,5
439,IPC,27.46791247,27.32560268,26.98286835,27.33872056,SLCA-LY-004-R1-OS-F,439,OS,27.27818222,5
439,P.Mar cytb,39.33938126,40.58410098,,39.34454428,SLCA-LY-004-R1-OS-F,439,OS,39.7517261,5
440,IPC,27.63642107,27.60299959,27.2539092,27.45030733,SLCA-LY-004-R2-OS-F,440,OS,27.48549254,5
440,P.Mar cytb,36.74086501,36.2517377,36.66007584,35.51009839,SLCA-LY-004-R2-OS-F,440,OS,36.28740068,5
441,IPC,27.74187368,27.69588579,27.31807813,27.57898365,SLCA-LY-004-R3-OS-F,441,OS,27.58321359,5
441,P.Mar cytb,40.98043194,,40.51592833,39.99308046,SLCA-LY-004-R3-OS-F,441,OS,40.49447078,5
442,IPC,27.30025724,27.1373744,26.8140811,27.11853699,SLCA-LY-005-NC-OS-F,442,OS,27.09199178,5
442,P.Mar cytb,,,,,SLCA-LY-005-NC-OS-F,442,OS,#NUM!,5
443,IPC,27.52901367,27.45830946,27.05125813,27.31312683,SLCA-LY-005-R1-OS-F,443,OS,27.33731356,5
443,P.Mar cytb,,,,,SLCA-LY-005-R1-OS-F,443,OS,#NUM!,5
444,IPC,27.54017385,27.41719766,27.19308423,27.48026713,SLCA-LY-005-R2-OS-F,444,OS,27.40736538,5
444,P.Mar cytb,,,,,SLCA-LY-005-R2-OS-F,444,OS,#NUM!,5
445,IPC,27.47742286,27.47860849,27.00197606,28.97048024,SLCA-LY-005-R3-OS-F,445,OS,27.72237883,5
445,P.Mar cytb,,,,,SLCA-LY-005-R3-OS-F,445,OS,#NUM!,5
446,IPC,27.33841021,27.23114664,26.98730488,27.2157433,Batch-26-NC,446,,27.19284987,5
446,P.Mar cytb,,,,,Batch-26-NC,446,,#NUM!,5
447,IPC,27.25468064,27.25533276,26.92537108,27.18318785,SLCA-LY-001-NC-D-F,447,DIY,27.15430348,5
447,P.Mar cytb,,,,,SLCA-LY-001-NC-D-F,447,DIY,#NUM!,5
448,IPC,27.53225075,27.42557514,27.26008654,27.33182461,SLCA-LY-001-R1-D-F,448,DIY,27.38724386,5
448,P.Mar cytb,35.54383152,36.10912523,35.10704624,34.10597601,SLCA-LY-001-R1-D-F,448,DIY,35.20882206,5
449,IPC,27.56764451,27.37142921,27.12643709,27.2496068,SLCA-LY-001-R2-D-F,449,DIY,27.32829471,5
449,P.Mar cytb,36.3380411,34.38076479,35.32126984,35.38003763,SLCA-LY-001-R2-D-F,449,DIY,35.34824944,5
450,IPC,27.51741355,27.29124289,27.18363606,27.22358399,SLCA-LY-001-R3-D-F,450,DIY,27.30366477,5
450,P.Mar cytb,35.12392884,35.95243526,36.10151627,34.81412294,SLCA-LY-001-R3-D-F,450,DIY,35.49384723,5
451,IPC,27.24437575,27.30336986,26.98823543,27.15838454,SLCA-LY-002-NC-D-F,451,DIY,27.17333133,5
451,P.Mar cytb,,,,,SLCA-LY-002-NC-D-F,451,DIY,#NUM!,5
452,IPC,27.44567409,27.39277194,27.02445625,27.22741736,SLCA-LY-002-R1-D-F,452,DIY,27.27208389,5
452,P.Mar cytb,38.90814132,39.07421446,41.15371332,38.21613702,SLCA-LY-002-R1-D-F,452,DIY,39.32299956,5
453,IPC,27.35860782,27.42950356,27.01233125,27.24654911,SLCA-LY-002-R2-D-F,453,DIY,27.26128846,5
453,P.Mar cytb,36.57492664,35.94137676,34.66521355,33.52955351,SLCA-LY-002-R2-D-F,453,DIY,35.15806427,5
454,IPC,27.37407447,27.38028644,26.98065937,27.2746413,SLCA-LY-002-R3-D-F,454,DIY,27.25192968,5
454,P.Mar cytb,41.19633876,39.33609625,,,SLCA-LY-002-R3-D-F,454,DIY,40.2554735,5
455,IPC,27.28860736,27.21845958,26.88382135,27.25261309,SLCA-LY-003-NC-D-F,455,DIY,27.16039093,5
455,P.Mar cytb,,,,,SLCA-LY-003-NC-D-F,455,DIY,#NUM!,5
456,IPC,27.37914077,27.29435353,26.9958858,27.25380147,SLCA-LY-003-R1-D-F,456,DIY,27.23041902,5
456,P.Mar cytb,,,,,SLCA-LY-003-R1-D-F,456,DIY,#NUM!,5
457,IPC,27.38062684,27.26504475,26.96524511,27.12696279,SLCA-LY-003-R2-D-F,457,DIY,27.18402659,5
457,P.Mar cytb,,,40.22556951,,SLCA-LY-003-R2-D-F,457,DIY,40.22556951,5
458,IPC,27.34278099,27.36112336,26.94056383,27.20704018,SLCA-LY-003-R3-D-F,458,DIY,27.21235617,5
458,P.Mar cytb,,,,,SLCA-LY-003-R3-D-F,458,DIY,#NUM!,5
459,IPC,27.31021381,27.3370389,26.9421199,27.15750108,SLCA-LY-004-NC-D-F,459,DIY,27.18626433,5
459,P.Mar cytb,,,,,SLCA-LY-004-NC-D-F,459,DIY,#NUM!,5
460,IPC,27.48614123,27.40747378,27.11837398,27.37541295,SLCA-LY-004-R1-D-F,460,DIY,27.34650166,5
460,P.Mar cytb,38.170724,43,41.41201323,38.05819693,SLCA-LY-004-R1-D-F,460,DIY,40.10452266,5
461,IPC,27.6431935,27.53949606,27.186312,27.34043322,SLCA-LY-004-R2-D-F,461,DIY,27.42678947,5
461,P.Mar cytb,40.44128821,37.64826855,37.49509547,37.00572905,SLCA-LY-004-R2-D-F,461,DIY,38.12442957,5
462,IPC,27.91151963,27.60732849,27.33773248,27.5343526,SLCA-LY-004-R3-D-F,462,DIY,27.59696393,5
462,P.Mar cytb,,,,43.45201827,SLCA-LY-004-R3-D-F,462,DIY,43.45201827,5
463,IPC,27.27286414,27.28227998,26.94113243,27.18794278,SLCA-LY-005-NC-D-F,463,DIY,27.17070462,5
463,P.Mar cytb,,,,,SLCA-LY-005-NC-D-F,463,DIY,#NUM!,5
464,IPC,27.46753409,27.43720992,27.08159862,27.44462537,SLCA-LY-005-R1-D-F,464,DIY,27.35727308,5
464,P.Mar cytb,,,,,SLCA-LY-005-R1-D-F,464,DIY,#NUM!,5
465,IPC,27.29171219,27.38331164,27.03248287,27.25166528,SLCA-LY-005-R2-D-F,465,DIY,27.23948758,5
465,P.Mar cytb,,,,,SLCA-LY-005-R2-D-F,465,DIY,#NUM!,5
466,IPC,27.47689091,27.40405837,27.12032923,27.271633,SLCA-LY-005-R3-D-F,466,DIY,27.31788948,5
466,P.Mar cytb,,,,,SLCA-LY-005-R3-D-F,466,DIY,#NUM!,5
467,IPC,27.28915132,27.32678719,26.93548247,27.13270775,Batch-27-NC,467,,27.1705935,5
467,P.Mar cytb,,,,,Batch-27-NC,467,,#NUM!,5
480,IPC,27.34253992,27.2560488,26.83650234,27.06749012,Batch-28-NC,480,,27.12494793,5
480,P.Mar cytb,,,,,Batch-28-NC,480,,#NUM!,5
481,IPC,27.31300882,27.32840355,26.95476182,27.17094387,SLCA-HR-001-NC-OS-F,481,OS,27.19136488,5
481,P.Mar cytb,,,,,SLCA-HR-001-NC-OS-F,481,OS,#NUM!,5
482,IPC,27.51580457,27.39692102,26.99398022,27.44647285,SLCA-HR-001-R1-OS-F,482,OS,27.33753551,5
482,P.Mar cytb,,40.84127711,38.19281483,36.25340792,SLCA-HR-001-R1-OS-F,482,OS,38.38338508,5
483,IPC,27.45958131,27.50850338,27.12105435,27.35986861,SLCA-HR-001-R2-OS-F,483,OS,27.36184401,5
483,P.Mar cytb,39.30215511,39.21005203,,,SLCA-HR-001-R2-OS-F,483,OS,39.25607656,5
484,IPC,27.47549929,27.36581893,27.042608,27.2076645,SLCA-HR-001-R3-OS-F,484,OS,27.27240702,5
484,P.Mar cytb,,,39.31315264,,SLCA-HR-001-R3-OS-F,484,OS,39.31315264,5
485,IPC,27.39289854,27.25670583,26.96114558,27.22947312,SLCA-HR-004-NC-OS-F,485,OS,27.20960479,5
485,P.Mar cytb,,,,,SLCA-HR-004-NC-OS-F,485,OS,#NUM!,5
486,IPC,27.49392291,27.44538928,27.18265382,27.45674232,SLCA-HR-004-R1-OS-F,486,OS,27.39439679,5
486,P.Mar cytb,39.79478215,40.00795899,40.96377287,35.98544078,SLCA-HR-004-R1-OS-F,486,OS,39.14036092,5
487,IPC,27.49882421,27.59753107,27.02109923,27.42848099,SLCA-HR-004-R2-OS-F,487,OS,27.38560131,5
487,P.Mar cytb,35.23646957,34.92777647,35.41222731,34.48720269,SLCA-HR-004-R2-OS-F,487,OS,35.01415381,5
488,IPC,27.52797765,27.45681648,27.08643219,27.51377958,SLCA-HR-004-R3-OS-F,488,OS,27.39565172,5
488,P.Mar cytb,,,,38.25793279,SLCA-HR-004-R3-OS-F,488,OS,38.25793279,5
489,IPC,28.57568547,27.24263454,27.06087482,27.25155593,SLCA-HR-005-NC-OS-F,489,OS,27.5261026,6
489,P.Mar cytb,,,,,SLCA-HR-005-NC-OS-F,489,OS,#NUM!,6
490,IPC,27.4910583,27.22672637,27.31172429,27.26838401,SLCA-HR-005-R1-OS-F,490,OS,27.32428784,6
490,P.Mar cytb,,,,,SLCA-HR-005-R1-OS-F,490,OS,#NUM!,6
491,IPC,27.32691716,27.22102423,27.20649368,27.28622037,SLCA-HR-005-R2-OS-F,491,OS,27.26012009,6
491,P.Mar cytb,,,,,SLCA-HR-005-R2-OS-F,491,OS,#NUM!,6
492,IPC,27.41655248,27.22190056,27.2838836,27.42264646,SLCA-HR-005-R3-OS-F,492,OS,27.33610977,6
492,P.Mar cytb,,,,,SLCA-HR-005-R3-OS-F,492,OS,#NUM!,6
493,IPC,27.20861241,27.14740322,27.00513107,27.13091449,Batch-29-NC,493,,27.12291434,6
493,P.Mar cytb,,,,,Batch-29-NC,493,,#NUM!,6
494,IPC,27.17087538,27.09575507,27.06059591,27.06962074,SLCA-GL-001-NC-D-F,494,DIY,27.09917715,6
494,P.Mar cytb,37.72666664,,,37.90624957,SLCA-GL-001-NC-D-F,494,DIY,37.81635151,6
495,IPC,27.2037562,27.18994753,27.23777147,27.24505161,SLCA-GL-001-R1-D-F,495,DIY,27.21912203,6
495,P.Mar cytb,35.09485544,35.42402107,34.8079752,34.61412443,SLCA-GL-001-R1-D-F,495,DIY,34.98391078,6
496,IPC,27.44184311,27.2247593,27.21510798,27.27314027,SLCA-GL-001-R2-D-F,496,DIY,27.28856092,6
496,P.Mar cytb,34.62913372,35.12870539,34.71453469,36.14688323,SLCA-GL-001-R2-D-F,496,DIY,35.1496896,6
497,IPC,27.23278407,27.10517428,27.13734389,27.14031401,SLCA-GL-001-R3-D-F,497,DIY,27.15386242,6
497,P.Mar cytb,31.58052179,31.99555937,31.94378625,32.56809239,SLCA-GL-001-R3-D-F,497,DIY,32.02004444,6
498,IPC,27.2176529,27.16107595,27.11173656,27.27467937,SLCA-GL-002-NC-D-F,498,DIY,27.19121775,6
498,P.Mar cytb,36.42375114,,,,SLCA-GL-002-NC-D-F,498,DIY,36.42375114,6
499,IPC,27.36430729,27.30753471,27.29632629,27.28670809,SLCA-GL-002-R1-D-F,499,DIY,27.3137025,6
499,P.Mar cytb,34.07071711,33.66995983,33.41781654,34.62042519,SLCA-GL-002-R1-D-F,499,DIY,33.94169958,6
500,IPC,27.42737262,27.29374666,27.318132,27.29379795,SLCA-GL-002-R2-D-F,500,DIY,27.33320657,6
500,P.Mar cytb,32.81818746,33.31467564,33.05928211,34.42405564,SLCA-GL-002-R2-D-F,500,DIY,33.39845743,6
501,IPC,27.22411669,27.13770094,27.13561056,27.30140918,SLCA-GL-002-R3-D-F,501,DIY,27.19962258,6
501,P.Mar cytb,35.38432494,35.00292689,34.86957316,35.8662841,SLCA-GL-002-R3-D-F,501,DIY,35.27865934,6
502,IPC,27.22147509,27.11275667,27.12265963,27.15650569,SLCA-GL-003-NC-D-F,502,DIY,27.15331596,6
502,P.Mar cytb,37.66237017,,36.91478162,40.00237422,SLCA-GL-003-NC-D-F,502,DIY,38.17079804,6
503,IPC,27.23729325,27.16328696,27.22433034,27.26674071,SLCA-GL-003-R1-D-F,503,DIY,27.2228867,6
503,P.Mar cytb,31.96998015,32.17839245,32.243059,33.00895444,SLCA-GL-003-R1-D-F,503,DIY,32.3477203,6
504,IPC,27.37237426,27.40880676,27.38257475,27.36393635,SLCA-GL-003-R2-D-F,504,DIY,27.38191784,6
504,P.Mar cytb,35.26858043,34.50966593,36.47449538,36.05136708,SLCA-GL-003-R2-D-F,504,DIY,35.56804061,6
505,IPC,27.34460337,27.31625143,27.1815004,27.23279196,SLCA-GL-003-R3-D-F,505,DIY,27.26870923,6
505,P.Mar cytb,34.4297049,34.61773767,36.48363923,36.00484486,SLCA-GL-003-R3-D-F,505,DIY,35.37307133,6
506,IPC,27.20872658,27.08612853,27.18437366,27.18929431,SLCA-GL-001-NC-OS-F,506,OS,27.16708894,6
506,P.Mar cytb,,,,,SLCA-GL-001-NC-OS-F,506,OS,#NUM!,6
507,IPC,27.47260221,27.37964247,27.24971564,27.31351426,SLCA-GL-001-R1-OS-F,507,OS,27.35374423,6
507,P.Mar cytb,33.20393993,33.06594846,33.35066921,34.08185055,SLCA-GL-001-R1-OS-F,507,OS,33.42331955,6
508,IPC,27.41420302,27.44502768,27.95041198,27.30047534,SLCA-GL-001-R2-OS-F,508,OS,27.52640086,6
508,P.Mar cytb,34.45486789,35.13403023,34.52830277,34.82109096,SLCA-GL-001-R2-OS-F,508,OS,34.73353943,6
509,IPC,27.42792945,27.2235118,27.29182066,27.20216423,SLCA-GL-001-R3-OS-F,509,OS,27.28621424,6
509,P.Mar cytb,34.23602048,34.85917543,34.641745,34.43976177,SLCA-GL-001-R3-OS-F,509,OS,34.54339921,6
510,IPC,27.29854761,27.10245341,27.09928395,27.20924137,SLCA-GL-002-NC-OS-F,510,OS,27.17725562,6
510,P.Mar cytb,,,,,SLCA-GL-002-NC-OS-F,510,OS,#NUM!,6
511,IPC,27.42741364,27.35257702,27.17811618,27.23656333,SLCA-GL-002-R1-OS-F,511,OS,27.29849416,6
511,P.Mar cytb,31.93914527,32.20616326,32.40661806,33.19725395,SLCA-GL-002-R1-OS-F,511,OS,32.43392722,6
512,IPC,27.35475911,27.42796347,27.35248981,31.52970909,SLCA-GL-002-R2-OS-F,512,OS,28.36193265,6
512,P.Mar cytb,32.40324708,32.50975824,33.52348983,42.23025031,SLCA-GL-002-R2-OS-F,512,OS,34.94570349,6
513,IPC,27.4051895,27.33269084,27.33023271,27.31925787,SLCA-GL-002-R3-OS-F,513,OS,27.34682153,6
513,P.Mar cytb,34.12732908,34.71627583,34.65030273,34.59543621,SLCA-GL-002-R3-OS-F,513,OS,34.52155251,6
514,IPC,27.32603001,27.14117424,27.12855057,27.10615448,Batch-30-NC,514,,27.17533575,6
514,P.Mar cytb,,,,,Batch-30-NC,514,,#NUM!,6
515,IPC,27.1685281,27.20667636,27.18348,27.19647571,SLCA-GL-003-NC-OS-F,515,OS,27.18878628,6
515,P.Mar cytb,,,,,SLCA-GL-003-NC-OS-F,515,OS,#NUM!,6
516,IPC,27.27198221,27.1887004,27.22053614,27.28685855,SLCA-GL-003-R1-OS-F,516,OS,27.24199081,6
516,P.Mar cytb,36.87291439,36.45784451,35.61997748,35.90381875,SLCA-GL-003-R1-OS-F,516,OS,36.21038849,6
517,IPC,27.64723751,27.37794062,27.33333282,27.48944556,SLCA-GL-003-R2-OS-F,517,OS,27.4617224,6
517,P.Mar cytb,38.32009268,37.43615289,37.55005355,37.75346716,SLCA-GL-003-R2-OS-F,517,OS,37.76341762,6
518,IPC,27.54751937,27.40122813,27.32831781,27.44828044,SLCA-GL-003-R3-OS-F,518,OS,27.43122118,6
518,P.Mar cytb,35.98568713,35.30613359,36.04080153,36.41739788,SLCA-GL-003-R3-OS-F,518,OS,35.93526302,6
519,IPC,27.20469579,27.10321197,27.04389855,27.11779757,SLUS-CD-005-NC-D-F,519,DIY,27.11734004,6
519,P.Mar cytb,,,,,SLUS-CD-005-NC-D-F,519,DIY,#NUM!,6
520,IPC,27.379189,27.25645296,27.26196528,27.34465859,SLUS-CD-005-R1-D-F,520,DIY,27.31051538,6
520,P.Mar cytb,,,,,SLUS-CD-005-R1-D-F,520,DIY,#NUM!,6
521,IPC,27.56149371,27.45264366,27.26274985,27.43565869,SLUS-CD-005-R2-D-F,521,DIY,27.42792754,6
521,P.Mar cytb,,,,,SLUS-CD-005-R2-D-F,521,DIY,#NUM!,6
522,IPC,27.36547397,27.39242585,27.29867534,27.34771866,SLUS-CD-005-R3-D-F,522,DIY,27.35105209,6
522,P.Mar cytb,,,,,SLUS-CD-005-R3-D-F,522,DIY,#NUM!,6
523,IPC,27.35345285,27.22107966,27.25229838,27.24537486,SLUS-CD-005-NC-OS-F,523,OS,27.26800445,6
523,P.Mar cytb,,,,,SLUS-CD-005-NC-OS-F,523,OS,#NUM!,6
524,IPC,27.42284023,27.4729286,27.34530554,27.58219409,SLUS-CD-005-R1-OS-F,524,OS,27.45568258,6
524,P.Mar cytb,,,,,SLUS-CD-005-R1-OS-F,524,OS,#NUM!,6
525,IPC,27.42428146,27.27721133,27.3248665,27.38608798,SLUS-CD-005-R2-OS-F,525,OS,27.35305372,6
525,P.Mar cytb,,36.77851212,,,SLUS-CD-005-R2-OS-F,525,OS,36.77851212,6
526,IPC,27.43983389,27.23405341,27.19805391,27.26890384,SLUS-CD-005-R3-OS-F,526,OS,27.28505405,6
526,P.Mar cytb,,35.76448535,,,SLUS-CD-005-R3-OS-F,526,OS,35.76448535,6
527,IPC,27.20977977,27.12491708,27.07099138,27.27167558,SLUS-AU-003-NC-OS-F,527,OS,27.16923168,6
527,P.Mar cytb,,,,,SLUS-AU-003-NC-OS-F,527,OS,#NUM!,6
528,IPC,27.32305183,27.14451123,27.18486602,27.1715807,SLUS-AU-003-R1-OS-F,528,OS,27.20591477,6
528,P.Mar cytb,,,,,SLUS-AU-003-R1-OS-F,528,OS,#NUM!,6
529,IPC,27.17877696,27.12339163,27.21255863,27.28579823,SLUS-AU-003-R2-OS-F,529,OS,27.20006779,6
529,P.Mar cytb,,34.83764363,,,SLUS-AU-003-R2-OS-F,529,OS,34.83764363,6
530,IPC,27.15478811,27.0376263,27.08636025,27.21532924,SLUS-AU-003-R3-OS-F,530,OS,27.12344227,6
530,P.Mar cytb,,37.77557629,,,SLUS-AU-003-R3-OS-F,530,OS,37.77557629,6
531,IPC,27.15261006,27.22593075,27.04123694,27.21225946,SLUS-AU-003-NC-D-F,531,DIY,27.1579115,6
531,P.Mar cytb,,,,,SLUS-AU-003-NC-D-F,531,DIY,#NUM!,6
532,IPC,27.13551739,27.20568682,27.20736337,27.34225182,SLUS-AU-003-R1-D-F,532,DIY,27.22260203,6
532,P.Mar cytb,38.15201291,,,,SLUS-AU-003-R1-D-F,532,DIY,38.15201291,6
533,IPC,27.39201695,27.17766799,27.30262973,27.40987306,SLUS-AU-003-R2-D-F,533,DIY,27.32039198,6
533,P.Mar cytb,39.05660995,,37.48162664,,SLUS-AU-003-R2-D-F,533,DIY,38.26101504,6
534,IPC,27.28618878,27.15748834,27.24239927,27.23832954,SLUS-AU-003-R3-D-F,534,DIY,27.23106183,6
534,P.Mar cytb,38.39546837,,,,SLUS-AU-003-R3-D-F,534,DIY,38.39546837,6
535,IPC,27.21724055,27.17733052,27.19604827,27.20128354,Batch-31-NC,535,,27.19797199,6
535,P.Mar cytb,,,,,Batch-31-NC,535,,#NUM!,6
540,IPC,27.21314428,27.20690268,27.03600545,27.18843618,SLCA-HR-001-NC-D-F,540,DIY,27.16102438,6
540,P.Mar cytb,,,,,SLCA-HR-001-NC-D-F,540,DIY,#NUM!,6
541,IPC,27.17803108,27.08610011,27.05017719,27.15618231,SLCA-HR-001-R1-D-F,541,DIY,27.11757344,6
541,P.Mar cytb,34.56420772,,34.21676005,36.58503313,SLCA-HR-001-R1-D-F,541,DIY,35.10667088,6
542,IPC,27.16668592,27.06187766,27.11655937,27.15326616,SLCA-HR-001-R2-D-F,542,DIY,27.12456688,6
542,P.Mar cytb,35.80556639,,36.11619765,36.26964391,SLCA-HR-001-R2-D-F,542,DIY,36.06328524,6
543,IPC,27.28567899,27.08296537,27.13758789,27.1019456,SLCA-HR-001-R3-D-F,543,DIY,27.15192798,6
543,P.Mar cytb,,,,,SLCA-HR-001-R3-D-F,543,DIY,#NUM!,6
544,IPC,27.2481056,27.18252231,27.14471174,27.19652189,SLCA-HR-004-NC-D-F,544,DIY,27.19294015,6
544,P.Mar cytb,,,,,SLCA-HR-004-NC-D-F,544,DIY,#NUM!,6
545,IPC,27.20200404,27.23381345,27.0869516,27.12612597,SLCA-HR-004-R1-D-F,545,DIY,27.16216082,6
545,P.Mar cytb,,,37.65987479,,SLCA-HR-004-R1-D-F,545,DIY,37.65987479,6
546,IPC,27.28876412,27.21906002,27.04993655,27.15452464,SLCA-HR-004-R2-D-F,546,DIY,27.17792911,6
546,P.Mar cytb,,,,,SLCA-HR-004-R2-D-F,546,DIY,#NUM!,6
547,IPC,27.29388614,27.27891354,27.20934402,27.29866188,SLCA-HR-004-R3-D-F,547,DIY,27.27017776,6
547,P.Mar cytb,36.58972218,,37.39362764,,SLCA-HR-004-R3-D-F,547,DIY,36.98949103,6
548,IPC,27.34444886,27.19884526,27.10220591,27.20106101,SLCA-HR-005-NC-D-F,548,DIY,27.21150307,6
548,P.Mar cytb,,,,,SLCA-HR-005-NC-D-F,548,DIY,#NUM!,6
549,IPC,27.19455805,27.13730149,27.04699626,27.0657487,SLCA-HR-005-R1-D-F,549,DIY,27.11108745,6
549,P.Mar cytb,,,,,SLCA-HR-005-R1-D-F,549,DIY,#NUM!,6
550,IPC,27.39093276,27.21792421,27.15973723,27.2786042,SLCA-HR-005-R2-D-F,550,DIY,27.26166537,6
550,P.Mar cytb,,,,,SLCA-HR-005-R2-D-F,550,DIY,#NUM!,6
551,IPC,27.16975885,27.1820977,27.12894499,27.18936048,SLCA-HR-005-R3-D-F,551,DIY,27.16753046,6
551,P.Mar cytb,,,,,SLCA-HR-005-R3-D-F,551,DIY,#NUM!,6
552,IPC,27.2389282,27.18489246,27.12421063,27.16504153,SLUS-ET-002-NC-OS-F,552,OS,27.17823684,6
552,P.Mar cytb,,,,,SLUS-ET-002-NC-OS-F,552,OS,#NUM!,6
553,IPC,27.22396426,27.20640596,27.06831805,27.21185341,SLUS-ET-002-R1-OS-F,553,OS,27.17756126,6
553,P.Mar cytb,,,,,SLUS-ET-002-R1-OS-F,553,OS,#NUM!,6
554,IPC,27.30968492,27.08950088,27.03859049,27.12430018,SLUS-ET-002-R2-OS-F,554,OS,27.14032668,6
554,P.Mar cytb,,,,,SLUS-ET-002-R2-OS-F,554,OS,#NUM!,6
555,IPC,27.28041719,27.22162005,27.16768382,27.16988235,SLUS-ET-002-R3-OS-F,555,OS,27.20986186,6
555,P.Mar cytb,,,,,SLUS-ET-002-R3-OS-F,555,OS,#NUM!,6
556,IPC,27.32371692,27.16279357,27.15405421,27.14463238,Batch-32-NC,556,,27.19619922,6
556,P.Mar cytb,,,,,Batch-32-NC,556,,#NUM!,6
557,IPC,27.15373298,27.12682126,27.08325845,27.17839534,SLUS-ET-003-NC-OS-F,557,OS,27.13552908,6
557,P.Mar cytb,35.47629881,34.53567804,34.3457622,35.38738945,SLUS-ET-003-NC-OS-F,557,OS,34.9326871,6
558,IPC,27.32634761,27.32307956,27.16814769,27.21177215,SLUS-ET-003-R1-OS-F,558,OS,27.25724907,6
558,P.Mar cytb,,,,,SLUS-ET-003-R1-OS-F,558,OS,#NUM!,6
559,IPC,27.31873359,27.40226439,27.17854914,27.35158856,SLUS-ET-003-R2-OS-F,559,OS,27.31265757,6
559,P.Mar cytb,,,,,SLUS-ET-003-R2-OS-F,559,OS,#NUM!,6
560,IPC,28.63174596,28.70612646,29.64900363,28.57465534,SLUS-ET-003-R3-OS-F,560,OS,28.88706259,6
560,P.Mar cytb,,,,,SLUS-ET-003-R3-OS-F,560,OS,#NUM!,6
561,IPC,27.18282602,27.21781216,27.01647019,27.19249097,SLUS-ET-005-NC-OS-F,561,OS,27.15228317,6
561,P.Mar cytb,,,,,SLUS-ET-005-NC-OS-F,561,OS,#NUM!,6
562,IPC,27.80563785,27.29894665,27.26506471,27.88361212,SLUS-ET-005-R1-OS-F,562,OS,27.56186361,6
562,P.Mar cytb,,,,,SLUS-ET-005-R1-OS-F,562,OS,#NUM!,6
563,IPC,27.45750684,27.3547994,27.36803576,27.49937244,SLUS-ET-005-R2-OS-F,563,OS,27.4198618,6
563,P.Mar cytb,,,,,SLUS-ET-005-R2-OS-F,563,OS,#NUM!,6
564,IPC,28.85223559,28.63942313,28.66245909,33.18777595,SLUS-ET-005-R3-OS-F,564,OS,29.77548425,6
564,P.Mar cytb,,,,,SLUS-ET-005-R3-OS-F,564,OS,#NUM!,6
565,IPC,27.21003313,27.10290575,27.05260746,27.42953751,SLUS-ET-003-NC-D-F,565,DIY,27.19838614,6
565,P.Mar cytb,,,,,SLUS-ET-003-NC-D-F,565,DIY,#NUM!,6
566,IPC,28.11823824,27.97256175,27.95003372,29.1590015,SLUS-ET-003-R1-D-F,566,DIY,28.29559515,6
566,P.Mar cytb,43,43,43.69061629,,SLUS-ET-003-R1-D-F,566,DIY,43.22898388,6
567,IPC,28.27766629,28.16908833,28.06984985,35.97337107,SLUS-ET-003-R2-D-F,567,DIY,29.94741879,6
567,P.Mar cytb,44.32244591,,,,SLUS-ET-003-R2-D-F,567,DIY,44.32244591,6
568,IPC,28.29355824,28.19551256,28.02215551,28.21155875,SLUS-ET-003-R3-D-F,568,DIY,28.18052281,6
568,P.Mar cytb,44.15951487,44.54181372,,,SLUS-ET-003-R3-D-F,568,DIY,44.35025237,6
569,IPC,27.24418411,27.10876399,27.04735798,27.15660134,SLUS-ET-004-NC-D-F,569,DIY,27.13913162,6
569,P.Mar cytb,,,,,SLUS-ET-004-NC-D-F,569,DIY,#NUM!,6
570,IPC,27.68653297,28.74574769,27.36792308,27.60523995,SLUS-ET-004-R1-D-F,570,DIY,27.84638913,6
570,P.Mar cytb,,,,,SLUS-ET-004-R1-D-F,570,DIY,#NUM!,6
571,IPC,32.02514174,31.41249701,31.35861011,31.63374527,SLUS-ET-004-R2-D-F,571,DIY,31.60641476,6
571,P.Mar cytb,,,,,SLUS-ET-004-R2-D-F,571,DIY,#NUM!,6
572,IPC,27.90848154,27.75944663,27.76428231,27.73979639,SLUS-ET-004-R3-D-F,572,DIY,27.79292038,6
572,P.Mar cytb,44.21476318,,41.21871796,43,SLUS-ET-004-R3-D-F,572,DIY,42.79339536,6
573,IPC,27.05069854,27.24928226,27.09241569,27.27000702,SLUS-ET-005-NC-D-F,573,DIY,27.16543308,6
573,P.Mar cytb,,,,,SLUS-ET-005-NC-D-F,573,DIY,#NUM!,6
574,IPC,30.86478591,30.48989881,30.24259662,30.56196548,SLUS-ET-005-R1-D-F,574,DIY,30.53900636,6
574,P.Mar cytb,,,,,SLUS-ET-005-R1-D-F,574,DIY,#NUM!,6
575,IPC,28.01163067,27.78424086,27.78233282,28.1478143,SLUS-ET-005-R2-D-F,575,DIY,27.93107033,6
575,P.Mar cytb,,,43,,SLUS-ET-005-R2-D-F,575,DIY,43,6
576,IPC,31.12827376,30.93394908,30.53119474,30.86784522,SLUS-ET-005-R3-D-F,576,DIY,30.86456278,6
576,P.Mar cytb,,,,,SLUS-ET-005-R3-D-F,576,DIY,#NUM!,6
